{"Epoch": 100, "Iters": 0, "Lr": 0.0, "Loss": 0.03293687477707863, "_runtime": 51654, "_timestamp": 1624426480, "_step": 13659, "pixAcc": 98.81560915992374, "mIoU": 47.0723956823349}