{"Epoch": 50, "Iters": 0, "Lr": 0.0, "Loss": 0.03170987591147423, "_runtime": 13961, "_timestamp": 1624566035, "_step": 3769, "pixAcc": 93.71676011518998, "mIoU": 30.53191602230072}