{"Epoch": 500, "Iters": 0, "Lr": 0.0, "Loss": 0.01989547163248062, "_runtime": 230687, "_timestamp": 1624864560, "_step": 63149, "pixAcc": 99.02792431059338, "mIoU": 47.552379965782166}