{"Epoch": 1, "Iters": 20, "Lr": 9.99866269437319e-05, "Loss": 1.3633191585540771, "_runtime": 21, "_timestamp": 1624373725, "_step": 1}