{"Epoch": 50, "Iters": 0, "Lr": 0.0, "Loss": 0.023835917934775352, "_runtime": 9717, "_timestamp": 1621873266, "_step": 2619, "pixAcc": 98.60093252999442, "mIoU": 40.5863493680954}