{"Epoch": 12, "Iters": 234, "Lr": 8.988490460279104e-05, "Loss": 0.22288988530635834, "_runtime": 5803, "_timestamp": 1624373579, "_step": 1525, "pixAcc": 94.81386457170758, "mIoU": 39.46550786495209}