{"Epoch": 50, "Iters": 0, "Lr": 0.0, "Loss": 0.05402005463838577, "_runtime": 25826, "_timestamp": 1624312559, "_step": 6829, "pixAcc": 98.43811761765254, "mIoU": 46.079012751579285}