{"Epoch": 3, "Iters": 502, "Lr": 9.459061909839982e-05, "Loss": 0.5895117521286011, "_runtime": 594, "_timestamp": 1624374398, "_step": 156, "pixAcc": 92.12068830217633, "mIoU": 31.055667996406555}