{"Epoch": 2, "Iters": 256, "Lr": 9.72815753239888e-05, "Loss": 0.38603514432907104, "_runtime": 308, "_timestamp": 1624374807, "_step": 77, "pixAcc": 87.0740981329055, "mIoU": 20.971794426441193}