{"Epoch": 1, "Iters": 1340, "Lr": 9.91035642534233e-05, "Loss": 0.5260427594184875, "_runtime": 488, "_timestamp": 1624367290, "_step": 133}