{"Epoch": 200, "Iters": 0, "Lr": 0.0, "Loss": 0.02841995470225811, "_runtime": 93822, "_timestamp": 1624541527, "_step": 25259, "pixAcc": 98.87976873488653, "mIoU": 47.19737768173218}