{"Epoch": 1, "Iters": 720, "Lr": 9.823258784616838e-05, "Loss": 0.3165479302406311, "_runtime": 268, "_timestamp": 1624447686, "_step": 71}